ch,vol,chars,quote_n,quote_share,quote_mean,long_q,max_q,excl,excl_per_wan,mdash,mdash_per_wan,w1,w2,w5,w6,w7,acct_share,w1_per_wan,w2_per_wan,w5_per_wan,w6_per_wan,w7_per_wan,r4_dup,r4_dup_hits,r4_sent,r3_judge,r5_dui,r6_flash,r7_recollapse
1,1,4259,45,0.068,6.5,0,27,1,2.35,0,0.0,0,0,0,0,0,0.022,0.0,0.0,0.0,0.0,0.0,0.21,0,0,0,0,0,0
2,1,4480,64,0.172,12.0,3,58,0,0.0,2,4.46,0,1,0,1,0,0.094,0.0,2.23,0.0,2.23,0.0,0.33,0,0,0,0,0,0
3,1,4724,115,0.228,9.4,1,44,1,2.12,1,2.12,0,0,0,0,0,0.052,0.0,0.0,0.0,0.0,0.0,0.29,0,0,0,0,0,0
4,1,4692,148,0.252,8.0,0,31,0,0.0,1,2.13,0,1,0,1,0,0.108,0.0,2.13,0.0,2.13,0.0,0.35,0,0,0,2,0,0
5,1,4739,160,0.3,8.9,1,54,0,0.0,1,2.11,2,0,0,0,0,0.05,4.22,0.0,0.0,0.0,0.0,0.33,0,0,0,0,0,0
6,1,4616,152,0.268,8.2,2,49,0,0.0,1,2.17,0,0,0,0,0,0.026,0.0,0.0,0.0,0.0,0.0,0.48,1,0,0,1,0,0
7,1,4914,168,0.268,7.9,0,38,0,0.0,0,0.0,1,0,0,1,0,0.036,2.04,0.0,0.0,2.04,0.0,0.28,0,0,0,1,0,0
8,1,5109,143,0.381,13.6,4,49,0,0.0,10,19.57,0,0,0,0,0,0.112,0.0,0.0,0.0,0.0,0.0,0.41,0,0,0,2,0,0
9,1,4984,99,0.166,8.4,1,44,0,0.0,3,6.02,1,0,0,0,0,0.0,2.01,0.0,0.0,0.0,0.0,0.31,0,0,0,1,0,0
10,1,5130,128,0.217,8.7,1,45,0,0.0,5,9.75,3,0,0,0,0,0.102,5.85,0.0,0.0,0.0,0.0,0.25,0,0,0,1,0,0
11,1,4905,86,0.16,9.1,0,39,0,0.0,14,28.54,1,0,0,0,0,0.047,2.04,0.0,0.0,0.0,0.0,0.3,0,0,0,0,0,0
12,1,4713,71,0.157,10.4,3,63,0,0.0,16,33.95,0,0,0,0,0,0.085,0.0,0.0,0.0,0.0,0.0,0.16,0,0,0,3,0,0
13,1,4805,105,0.187,8.6,0,40,0,0.0,17,35.38,0,0,0,1,0,0.076,0.0,0.0,0.0,2.08,0.0,0.36,0,0,0,0,0,0
14,1,4765,110,0.23,10.0,3,49,0,0.0,13,27.28,0,0,0,0,0,0.164,0.0,0.0,0.0,0.0,0.0,0.32,0,0,0,1,0,0
15,1,4886,171,0.279,8.0,1,50,0,0.0,8,16.37,0,0,0,1,0,0.07,0.0,0.0,0.0,2.05,0.0,0.32,0,0,0,1,0,0
16,1,4778,124,0.228,8.8,5,63,2,4.19,11,23.02,0,1,0,2,0,0.129,0.0,2.09,0.0,4.19,0.0,0.36,0,0,0,0,0,0
17,1,4743,113,0.222,9.3,1,41,1,2.11,12,25.3,3,0,0,0,0,0.115,6.33,0.0,0.0,0.0,0.0,0.3,0,0,0,2,0,0
18,1,4934,142,0.271,9.4,3,64,3,6.08,20,40.54,0,1,1,4,1,0.049,0.0,2.03,2.03,8.11,2.03,0.24,0,0,0,0,0,0
19,1,4716,123,0.211,8.1,0,33,1,2.12,16,33.93,0,0,0,0,0,0.138,0.0,0.0,0.0,0.0,0.0,0.21,0,0,0,0,0,0
20,1,4488,119,0.217,8.2,0,39,1,2.23,17,37.88,1,0,0,0,0,0.185,2.23,0.0,0.0,0.0,0.0,0.23,0,0,0,1,0,0
21,2,5101,120,0.208,8.9,1,45,3,5.88,1,1.96,3,1,0,0,0,0.117,5.88,1.96,0.0,0.0,0.0,0.26,0,0,0,0,0,0
22,2,4862,135,0.241,8.7,1,56,1,2.06,16,32.91,0,0,0,1,0,0.133,0.0,0.0,0.0,2.06,0.0,0.25,0,0,1,2,0,0
23,2,4868,130,0.214,8.0,1,43,3,6.16,10,20.54,0,1,0,1,0,0.092,0.0,2.05,0.0,2.05,0.0,0.32,0,0,0,3,0,0
24,2,4897,122,0.205,8.2,0,35,0,0.0,12,24.5,1,1,0,0,0,0.213,2.04,2.04,0.0,0.0,0.0,0.32,0,0,0,3,0,0
25,2,4021,102,0.226,8.9,2,68,1,2.49,16,39.79,0,0,0,1,0,0.157,0.0,0.0,0.0,2.49,0.0,0.37,0,0,0,0,0,0
26,2,4009,66,0.179,10.9,2,51,4,9.98,24,59.87,0,0,0,1,0,0.167,0.0,0.0,0.0,2.49,0.0,0.16,0,0,0,2,0,0
27,2,4027,64,0.103,6.5,0,25,9,22.35,16,39.73,1,0,0,1,0,0.203,2.48,0.0,0.0,2.48,0.0,0.37,0,0,0,0,0,0
28,2,4466,52,0.082,7.0,0,18,8,17.91,20,44.78,0,0,0,2,0,0.135,0.0,0.0,0.0,4.48,0.0,0.37,0,0,0,0,0,0
29,2,4057,76,0.132,7.1,1,55,6,14.79,18,44.37,2,0,0,0,0,0.105,4.93,0.0,0.0,0.0,0.0,0.2,0,0,0,1,0,0
30,2,4030,71,0.107,6.1,0,34,1,2.48,16,39.7,0,0,0,0,0,0.014,0.0,0.0,0.0,0.0,0.0,0.27,0,0,0,0,0,0
31,2,4002,88,0.193,8.8,1,73,0,0.0,16,39.98,0,0,0,0,0,0.057,0.0,0.0,0.0,0.0,0.0,0.28,0,0,2,0,0,0
32,2,4903,102,0.206,9.9,4,52,8,16.32,21,42.83,1,0,0,2,0,0.088,2.04,0.0,0.0,4.08,0.0,0.28,0,1,0,0,0,0
33,2,4836,119,0.245,9.9,2,54,0,0.0,15,31.02,1,1,0,0,0,0.109,2.07,2.07,0.0,0.0,0.0,0.29,0,0,0,0,0,0
34,2,4067,84,0.145,7.0,0,34,4,9.84,17,41.8,0,0,0,0,0,0.06,0.0,0.0,0.0,0.0,0.0,0.33,0,0,0,0,0,0
35,2,4074,79,0.142,7.3,1,51,6,14.73,24,58.91,0,0,0,1,0,0.076,0.0,0.0,0.0,2.45,0.0,0.22,0,0,0,0,0,0
36,2,5060,139,0.22,8.0,0,35,2,3.95,16,31.62,0,1,0,0,0,0.18,0.0,1.98,0.0,0.0,0.0,0.36,0,0,0,3,0,0
37,2,4009,170,0.292,6.9,0,28,0,0.0,3,7.48,0,0,0,1,0,0.124,0.0,0.0,0.0,2.49,0.0,0.29,0,0,0,4,0,0
38,2,4015,93,0.21,9.1,4,55,0,0.0,8,19.93,0,0,0,0,0,0.043,0.0,0.0,0.0,0.0,0.0,0.3,0,0,0,2,0,0
39,2,4817,108,0.21,9.4,1,98,1,2.08,14,29.06,1,0,0,0,0,0.056,2.08,0.0,0.0,0.0,0.0,0.39,0,0,0,1,0,0
40,2,4011,106,0.254,9.6,4,58,0,0.0,10,24.93,0,2,0,1,0,0.208,0.0,4.99,0.0,2.49,0.0,0.35,0,0,0,0,0,0
41,2,4008,120,0.274,9.2,2,49,1,2.5,11,27.45,0,0,0,2,0,0.192,0.0,0.0,0.0,4.99,0.0,0.24,0,1,0,2,0,0
42,2,4858,134,0.242,8.8,0,33,2,4.12,9,18.53,1,0,0,1,1,0.104,2.06,0.0,0.0,2.06,2.06,0.32,0,0,0,0,0,0
43,2,4709,66,0.11,7.9,1,41,1,2.12,20,42.47,0,0,1,1,0,0.015,0.0,0.0,2.12,2.12,0.0,0.35,0,0,0,1,0,0
44,2,4646,105,0.262,11.6,8,63,0,0.0,13,27.98,0,0,0,1,0,0.2,0.0,0.0,0.0,2.15,0.0,0.28,0,0,1,1,0,0
45,3,4586,60,0.229,17.5,8,89,0,0.0,7,15.26,0,0,0,5,0,0.3,0.0,0.0,0.0,10.9,0.0,0.25,0,0,0,1,0,0
46,3,4083,43,0.082,7.8,0,29,0,0.0,15,36.74,0,0,0,0,0,0.279,0.0,0.0,0.0,0.0,0.0,0.34,0,0,0,1,0,0
47,3,4201,79,0.451,24.0,21,105,0,0.0,13,30.95,0,0,0,1,0,0.253,0.0,0.0,0.0,2.38,0.0,0.26,0,0,0,0,0,0
48,3,4023,32,0.163,20.5,7,82,0,0.0,5,12.43,0,0,1,1,0,0.188,0.0,0.0,2.49,2.49,0.0,0.33,0,0,2,0,0,0
49,3,4680,28,0.059,9.9,1,57,0,0.0,18,38.46,0,0,0,0,0,0.107,0.0,0.0,0.0,0.0,0.0,0.28,0,0,1,0,0,0
50,3,4003,26,0.135,20.8,4,85,0,0.0,1,2.5,0,0,1,0,1,0.154,0.0,0.0,2.5,0.0,2.5,0.44,1,0,1,0,0,0
51,3,4013,51,0.311,24.5,11,117,0,0.0,0,0.0,0,0,0,0,0,0.294,0.0,0.0,0.0,0.0,0.0,0.33,0,0,0,0,0,0
52,3,4045,41,0.266,26.2,8,157,0,0.0,2,4.94,0,0,0,0,0,0.39,0.0,0.0,0.0,0.0,0.0,0.29,0,0,0,1,0,0
53,3,4384,30,0.115,16.8,2,165,0,0.0,1,2.28,0,0,1,2,0,0.2,0.0,0.0,2.28,4.56,0.0,0.32,0,0,1,0,0,0
54,3,4630,74,0.182,11.4,4,99,0,0.0,9,19.44,0,0,0,1,0,0.23,0.0,0.0,0.0,2.16,0.0,0.31,0,0,0,0,0,0
55,3,4390,49,0.265,23.8,11,114,1,2.28,9,20.5,0,1,0,0,0,0.347,0.0,2.28,0.0,0.0,0.0,0.26,0,0,2,0,0,0
56,3,4100,7,0.007,4.0,0,9,0,0.0,7,17.07,0,0,0,1,0,0.0,0.0,0.0,0.0,2.44,0.0,0.35,0,0,1,0,0,0
57,3,4109,16,0.054,13.8,2,47,0,0.0,4,9.73,0,1,0,1,0,0.25,0.0,2.43,0.0,2.43,0.0,0.33,0,0,2,1,0,0
58,3,4024,0,0.0,0.0,0,0,0,0.0,8,19.88,0,0,0,2,1,0.0,0.0,0.0,0.0,4.97,2.49,0.39,0,1,0,0,0,0
59,3,4005,25,0.108,17.4,3,88,1,2.5,4,9.99,0,0,0,0,0,0.08,0.0,0.0,0.0,0.0,0.0,0.5,1,0,0,0,0,0
60,3,4169,43,0.234,22.7,5,150,0,0.0,13,31.18,0,0,0,4,0,0.419,0.0,0.0,0.0,9.59,0.0,0.29,0,0,0,0,0,0
61,3,4133,30,0.193,26.6,9,100,0,0.0,16,38.71,0,0,0,0,0,0.3,0.0,0.0,0.0,0.0,0.0,0.33,0,2,0,0,0,0
62,3,4304,15,0.081,23.3,4,87,0,0.0,16,37.17,0,0,0,0,0,0.2,0.0,0.0,0.0,0.0,0.0,0.29,0,0,0,0,0,0
63,3,4294,9,0.016,7.6,0,18,1,2.33,14,32.6,0,0,0,1,0,0.333,0.0,0.0,0.0,2.33,0.0,0.45,1,0,1,0,0,0
64,3,4287,48,0.326,29.1,16,132,0,0.0,26,60.65,0,0,0,0,0,0.417,0.0,0.0,0.0,0.0,0.0,0.3,0,0,0,0,0,0
65,3,4253,50,0.245,20.9,10,98,1,2.35,20,47.03,0,0,0,2,0,0.26,0.0,0.0,0.0,4.7,0.0,0.33,0,0,0,1,0,0
66,3,4036,47,0.184,15.8,5,98,0,0.0,12,29.73,0,0,0,0,0,0.234,0.0,0.0,0.0,0.0,0.0,0.29,0,0,0,0,0,0
67,3,4031,33,0.174,21.2,6,99,0,0.0,5,12.4,0,0,0,2,0,0.212,0.0,0.0,0.0,4.96,0.0,0.35,0,0,0,0,0,0
68,3,4300,46,0.176,16.5,5,141,0,0.0,6,13.95,0,0,0,2,0,0.304,0.0,0.0,0.0,4.65,0.0,0.3,0,0,1,1,0,0
69,4,4802,120,0.162,6.5,0,40,5,10.41,0,0.0,1,0,0,1,0,0.075,2.08,0.0,0.0,2.08,0.0,0.31,0,0,0,1,0,0
70,4,4015,111,0.278,10.0,4,60,1,2.49,0,0.0,1,0,0,1,0,0.072,2.49,0.0,0.0,2.49,0.0,0.3,0,0,1,1,0,0
71,4,4904,135,0.228,8.3,3,57,4,8.16,3,6.12,1,0,0,0,0,0.119,2.04,0.0,0.0,0.0,0.0,0.31,0,0,0,3,0,0
72,4,4357,74,0.295,17.4,9,91,0,0.0,26,59.67,0,0,0,0,0,0.392,0.0,0.0,0.0,0.0,0.0,0.4,0,0,0,0,0,0
73,4,4319,99,0.318,13.9,5,63,0,0.0,16,37.05,0,0,0,0,0,0.172,0.0,0.0,0.0,0.0,0.0,0.52,1,0,0,2,0,0
74,4,4027,98,0.255,10.5,0,38,0,0.0,22,54.63,0,0,0,0,1,0.041,0.0,0.0,0.0,0.0,2.48,0.42,1,1,1,2,0,0
75,4,4235,134,0.443,14.0,8,60,1,2.36,18,42.5,0,0,1,2,0,0.067,0.0,0.0,2.36,4.72,0.0,0.45,1,0,0,2,0,0
76,4,4042,127,0.403,12.8,3,45,0,0.0,16,39.58,0,0,0,3,0,0.323,0.0,0.0,0.0,7.42,0.0,0.47,1,0,1,2,0,0
77,4,4205,91,0.246,11.4,2,57,1,2.38,20,47.56,0,0,0,3,0,0.055,0.0,0.0,0.0,7.13,0.0,0.32,0,0,0,0,0,0
78,4,4777,136,0.435,15.3,10,54,0,0.0,32,66.99,0,0,0,2,0,0.397,0.0,0.0,0.0,4.19,0.0,0.64,1,0,0,2,0,0
79,4,4877,91,0.311,16.6,10,80,0,0.0,22,45.11,0,0,0,0,0,0.319,0.0,0.0,0.0,0.0,0.0,0.35,0,1,0,2,0,0
80,4,4464,125,0.461,16.5,12,63,0,0.0,23,51.52,0,0,0,0,0,0.512,0.0,0.0,0.0,0.0,0.0,0.47,1,0,0,1,0,0
81,4,4394,83,0.294,15.6,9,72,0,0.0,32,72.83,0,0,0,2,1,0.265,0.0,0.0,0.0,4.55,2.28,0.61,3,3,0,0,0,0
82,4,4472,116,0.53,20.4,21,88,0,0.0,30,67.08,0,0,0,3,0,0.233,0.0,0.0,0.0,6.71,0.0,0.29,0,0,0,2,0,0
83,4,4721,137,0.436,15.0,11,89,0,0.0,27,57.19,0,0,0,0,1,0.314,0.0,0.0,0.0,0.0,2.12,0.5,1,0,0,2,0,0
84,4,4208,95,0.495,21.9,18,104,0,0.0,19,45.15,0,0,0,0,0,0.179,0.0,0.0,0.0,0.0,0.0,0.56,1,1,0,1,0,0
85,4,4554,112,0.494,20.1,23,71,0,0.0,28,61.48,0,0,0,0,0,0.411,0.0,0.0,0.0,0.0,0.0,0.45,2,2,0,1,0,0
86,4,4496,105,0.464,19.9,20,103,2,4.45,31,68.95,0,0,0,2,0,0.419,0.0,0.0,0.0,4.45,0.0,0.47,2,0,0,1,0,0
87,4,4493,124,0.479,17.4,14,85,0,0.0,22,48.97,0,0,0,5,0,0.185,0.0,0.0,0.0,11.13,0.0,0.41,0,0,0,2,0,0
88,4,4556,117,0.502,19.5,19,88,0,0.0,29,63.65,0,0,0,1,0,0.462,0.0,0.0,0.0,2.19,0.0,0.54,5,2,0,3,0,0
89,4,4387,142,0.457,14.1,11,66,5,11.4,16,36.47,0,0,0,1,0,0.268,0.0,0.0,0.0,2.28,0.0,0.56,2,0,0,1,0,0
90,4,4954,163,0.586,17.8,27,87,0,0.0,27,54.5,0,0,0,3,0,0.454,0.0,0.0,0.0,6.06,0.0,0.35,0,0,0,3,0,0
91,4,4051,127,0.562,17.9,17,83,0,0.0,21,51.84,0,0,0,0,0,0.268,0.0,0.0,0.0,0.0,0.0,0.52,2,1,0,1,0,0
92,4,4598,128,0.488,17.5,19,83,0,0.0,27,58.72,0,0,0,0,1,0.453,0.0,0.0,0.0,0.0,2.17,0.5,6,1,0,0,0,0
93,5,4458,121,0.424,15.6,18,77,2,4.49,34,76.27,0,0,0,0,0,0.165,0.0,0.0,0.0,0.0,0.0,0.42,1,1,0,0,0,0
94,5,4434,112,0.535,21.2,25,88,0,0.0,36,81.19,0,0,1,0,3,0.223,0.0,0.0,2.26,0.0,6.77,0.67,2,0,0,0,0,0
95,5,4389,124,0.499,17.7,20,83,0,0.0,37,84.3,1,0,0,2,0,0.153,2.28,0.0,0.0,4.56,0.0,0.61,3,0,0,1,0,0
96,5,4210,80,0.273,14.4,8,66,0,0.0,33,78.38,0,0,0,1,0,0.125,0.0,0.0,0.0,2.38,0.0,0.29,0,0,0,1,0,0
97,5,4116,68,0.258,15.6,7,66,0,0.0,34,82.6,0,0,0,0,0,0.353,0.0,0.0,0.0,0.0,0.0,0.32,0,0,0,1,0,0
98,5,4980,119,0.555,23.2,23,127,0,0.0,41,82.33,0,0,0,0,0,0.42,0.0,0.0,0.0,0.0,0.0,0.51,1,0,0,1,0,0
99,5,4022,80,0.376,18.9,15,82,0,0.0,31,77.08,0,0,1,0,0,0.375,0.0,0.0,2.49,0.0,0.0,0.48,1,1,0,1,0,0
100,5,4080,100,0.495,20.2,21,106,0,0.0,35,85.78,0,0,0,0,0,0.46,0.0,0.0,0.0,0.0,0.0,0.38,0,0,0,1,0,0
101,5,4065,79,0.393,20.2,17,111,0,0.0,30,73.8,0,0,0,0,0,0.228,0.0,0.0,0.0,0.0,0.0,0.3,0,0,0,2,0,0
102,5,4416,62,0.193,13.7,6,77,2,4.53,35,79.26,2,1,0,1,0,0.274,4.53,2.26,0.0,2.26,0.0,0.43,1,0,1,0,0,0
103,5,4562,100,0.502,22.9,24,89,0,0.0,39,85.49,0,0,0,0,0,0.34,0.0,0.0,0.0,0.0,0.0,0.48,3,0,0,0,0,0
104,5,4468,71,0.251,15.8,5,76,0,0.0,33,73.86,1,0,0,1,0,0.056,2.24,0.0,0.0,2.24,0.0,0.57,1,0,0,0,0,0
105,5,4032,40,0.133,13.4,3,95,0,0.0,38,94.25,0,0,0,0,0,0.3,0.0,0.0,0.0,0.0,0.0,0.39,0,0,0,0,0,0
106,5,4187,107,0.433,16.9,14,76,0,0.0,33,78.82,0,0,0,1,0,0.523,0.0,0.0,0.0,2.39,0.0,0.56,1,2,1,0,0,0
107,5,4102,67,0.419,25.7,16,110,0,0.0,47,114.58,0,0,0,0,0,0.463,0.0,0.0,0.0,0.0,0.0,0.73,2,1,0,0,0,0
108,5,4013,47,0.183,15.6,4,92,0,0.0,37,92.2,0,0,0,0,1,0.255,0.0,0.0,0.0,0.0,2.49,0.54,1,0,1,1,0,0
109,5,4223,93,0.329,14.9,8,75,2,4.74,30,71.04,1,0,0,0,0,0.28,2.37,0.0,0.0,0.0,0.0,0.43,1,0,0,1,0,0
110,5,4004,76,0.323,17.0,9,85,0,0.0,24,59.94,0,0,0,1,0,0.092,0.0,0.0,0.0,2.5,0.0,0.44,1,1,0,1,0,0
111,5,4005,42,0.143,13.7,2,53,0,0.0,32,79.9,0,0,0,0,0,0.405,0.0,0.0,0.0,0.0,0.0,0.44,1,0,0,0,0,0
112,5,4002,27,0.054,8.0,0,38,0,0.0,23,57.47,0,0,0,0,0,0.037,0.0,0.0,0.0,0.0,0.0,1.0,7,0,0,1,1,0
113,5,4009,67,0.264,15.8,8,64,1,2.49,22,54.88,0,0,0,1,0,0.403,0.0,0.0,0.0,2.49,0.0,0.48,1,0,0,0,0,0
114,5,4000,81,0.293,14.5,6,71,0,0.0,18,45.0,1,0,0,1,0,0.321,2.5,0.0,0.0,2.5,0.0,0.39,0,0,1,2,0,0
115,5,4004,78,0.331,17.0,12,61,0,0.0,22,54.95,0,0,0,0,7,0.462,0.0,0.0,0.0,0.0,17.48,0.48,1,0,0,0,0,0
116,5,4061,63,0.235,15.1,4,105,0,0.0,33,81.26,0,0,0,0,0,0.317,0.0,0.0,0.0,0.0,0.0,0.4,0,1,1,0,0,0
117,6,4576,50,0.164,15.0,3,60,0,0.0,31,67.74,0,0,0,0,0,0.38,0.0,0.0,0.0,0.0,0.0,0.42,0,0,0,0,0,0
118,6,4486,70,0.322,20.6,8,87,0,0.0,25,55.73,1,0,0,0,0,0.386,2.23,0.0,0.0,0.0,0.0,0.36,0,0,0,0,0,0
119,6,4268,60,0.381,27.1,15,124,0,0.0,28,65.6,0,0,0,1,0,0.383,0.0,0.0,0.0,2.34,0.0,0.42,1,0,0,0,0,0
120,6,4009,42,0.151,14.4,1,68,0,0.0,22,54.88,0,0,0,1,1,0.262,0.0,0.0,0.0,2.49,2.49,0.71,5,0,1,0,0,0
121,6,4440,118,0.35,13.2,8,86,0,0.0,15,33.78,0,0,0,1,0,0.339,0.0,0.0,0.0,2.25,0.0,0.48,7,1,0,0,0,0
122,6,4312,91,0.343,16.3,11,102,0,0.0,30,69.57,0,0,0,0,0,0.055,0.0,0.0,0.0,0.0,0.0,0.4,0,0,0,0,0,0
123,6,4321,114,0.431,16.3,14,88,0,0.0,27,62.49,0,0,0,4,0,0.351,0.0,0.0,0.0,9.26,0.0,0.38,0,0,1,2,0,0
124,6,4348,97,0.453,20.3,17,112,0,0.0,29,66.7,0,1,0,0,0,0.206,0.0,2.3,0.0,0.0,0.0,0.53,2,0,0,1,0,0
125,6,4005,90,0.325,14.5,7,70,0,0.0,21,52.43,1,0,0,0,0,0.456,2.5,0.0,0.0,0.0,0.0,0.44,2,1,1,1,0,0
126,6,4009,60,0.22,14.7,6,88,0,0.0,36,89.8,0,0,0,0,0,0.433,0.0,0.0,0.0,0.0,0.0,0.33,0,1,1,0,0,0
127,6,4437,108,0.392,16.1,10,87,0,0.0,26,58.6,0,0,0,0,0,0.241,0.0,0.0,0.0,0.0,0.0,0.34,0,0,0,2,0,0
128,6,4248,131,0.44,14.3,10,68,0,0.0,30,70.62,0,0,0,0,0,0.427,0.0,0.0,0.0,0.0,0.0,0.48,1,2,0,2,0,0
129,6,4067,49,0.164,13.7,3,66,1,2.46,29,71.31,1,0,0,1,0,0.041,2.46,0.0,0.0,2.46,0.0,0.41,0,2,0,0,0,0
130,6,4073,18,0.051,11.6,2,66,0,0.0,6,14.73,0,0,0,0,0,0.056,0.0,0.0,0.0,0.0,0.0,0.35,0,0,0,0,0,0
131,6,4104,19,0.052,11.2,0,27,0,0.0,42,102.34,0,0,0,0,0,0.316,0.0,0.0,0.0,0.0,0.0,0.55,4,0,0,0,0,0
132,6,4010,38,0.109,11.5,2,46,0,0.0,28,69.83,0,0,0,0,0,0.0,0.0,0.0,0.0,0.0,0.0,0.56,2,0,0,0,0,0
133,6,4126,41,0.161,16.2,3,91,0,0.0,32,77.56,0,0,0,1,0,0.171,0.0,0.0,0.0,2.42,0.0,0.38,0,1,1,0,0,0
134,6,4191,13,0.067,21.5,2,90,0,0.0,40,95.44,0,0,0,0,0,0.0,0.0,0.0,0.0,0.0,0.0,0.37,0,2,0,0,0,0
135,6,4006,78,0.257,13.2,6,64,0,0.0,29,72.39,0,0,0,0,0,0.244,0.0,0.0,0.0,0.0,0.0,0.48,1,1,0,0,0,0
136,6,4016,8,0.021,10.5,0,17,0,0.0,45,112.05,1,0,0,0,0,0.125,2.49,0.0,0.0,0.0,0.0,0.47,2,4,1,0,0,0
137,6,4011,33,0.099,12.1,3,55,0,0.0,41,102.22,0,2,0,0,0,0.303,0.0,4.99,0.0,0.0,0.0,0.52,1,2,0,0,0,0
138,6,4009,47,0.146,12.4,5,60,0,0.0,33,82.31,0,0,0,0,0,0.277,0.0,0.0,0.0,0.0,0.0,0.43,2,0,0,0,0,0
139,6,4011,37,0.083,8.9,0,35,0,0.0,44,109.7,1,0,0,1,0,0.054,2.49,0.0,0.0,2.49,0.0,0.38,0,1,2,0,0,0
140,6,4184,35,0.058,7.0,0,25,0,0.0,41,97.99,0,0,0,1,0,0.114,0.0,0.0,0.0,2.39,0.0,0.39,0,1,2,0,0,0
141,7,4040,37,0.113,12.3,1,66,3,7.43,27,66.83,0,0,0,1,0,0.351,0.0,0.0,0.0,2.48,0.0,0.42,1,1,0,0,0,0
142,7,4319,60,0.281,20.2,9,80,0,0.0,34,78.72,0,0,0,0,0,0.35,0.0,0.0,0.0,0.0,0.0,0.48,1,1,0,0,0,0
143,7,4029,28,0.094,13.6,2,62,0,0.0,31,76.94,0,0,0,1,0,0.214,0.0,0.0,0.0,2.48,0.0,0.35,0,1,0,0,0,0
144,7,4278,69,0.353,21.9,13,145,0,0.0,18,42.08,1,0,0,1,1,0.464,2.34,0.0,0.0,2.34,2.34,0.37,0,0,0,0,0,0
145,7,4477,42,0.191,20.4,6,151,0,0.0,21,46.91,0,0,0,0,0,0.357,0.0,0.0,0.0,0.0,0.0,0.37,0,0,0,0,0,0
146,7,4056,69,0.38,22.3,12,141,0,0.0,26,64.1,0,0,0,4,0,0.435,0.0,0.0,0.0,9.86,0.0,0.61,1,5,1,1,0,0
147,7,4109,69,0.269,16.0,6,101,0,0.0,24,58.41,0,0,0,2,0,0.304,0.0,0.0,0.0,4.87,0.0,0.3,0,1,1,0,0,0
148,7,4319,4,0.007,7.2,0,19,0,0.0,24,55.57,0,0,0,0,0,0.25,0.0,0.0,0.0,0.0,0.0,0.42,1,0,0,0,0,0
149,7,5576,74,0.32,24.1,15,117,0,0.0,27,48.42,0,0,0,0,0,0.216,0.0,0.0,0.0,0.0,0.0,0.33,0,0,2,0,0,0
150,7,4007,14,0.081,23.2,2,120,0,0.0,30,74.87,0,0,0,1,0,0.071,0.0,0.0,0.0,2.5,0.0,0.32,0,0,0,0,0,0
151,7,4440,16,0.057,15.8,3,54,0,0.0,28,63.06,0,0,0,4,0,0.25,0.0,0.0,0.0,9.01,0.0,0.45,1,1,0,0,0,0
152,7,4120,37,0.292,32.5,12,138,0,0.0,33,80.1,1,0,0,3,0,0.595,2.43,0.0,0.0,7.28,0.0,0.36,0,0,0,0,0,0
153,7,4167,57,0.349,25.5,12,128,0,0.0,20,48.0,0,0,0,2,0,0.368,0.0,0.0,0.0,4.8,0.0,0.47,1,1,0,0,0,0
154,7,4080,91,0.352,15.8,9,112,0,0.0,25,61.27,0,0,0,0,0,0.242,0.0,0.0,0.0,0.0,0.0,0.36,0,6,0,0,0,0
155,7,4014,42,0.116,11.1,0,36,0,0.0,31,77.23,0,0,0,4,0,0.0,0.0,0.0,0.0,9.97,0.0,0.35,0,0,0,0,0,0
156,7,4106,51,0.353,28.4,15,106,1,2.44,30,73.06,1,1,0,0,0,0.529,2.44,2.44,0.0,0.0,0.0,0.36,0,0,1,1,0,0
157,7,4021,49,0.244,20.1,8,111,0,0.0,35,87.04,0,0,0,1,0,0.286,0.0,0.0,0.0,2.49,0.0,0.26,0,0,1,0,0,0
158,7,4288,36,0.056,6.7,0,39,5,11.66,38,88.62,0,0,0,0,0,0.222,0.0,0.0,0.0,0.0,0.0,0.4,0,1,0,0,0,0
159,7,4004,40,0.218,21.8,8,115,0,0.0,35,87.41,0,0,1,0,0,0.375,0.0,0.0,2.5,0.0,0.0,0.36,0,0,0,0,0,0
160,7,4030,55,0.14,10.3,2,58,1,2.48,33,81.89,0,2,0,4,0,0.127,0.0,4.96,0.0,9.93,0.0,0.41,0,0,0,0,0,0
161,7,4022,12,0.028,9.3,0,37,0,0.0,42,104.43,1,0,0,1,0,0.0,2.49,0.0,0.0,2.49,0.0,0.43,1,1,0,0,0,0
162,7,4063,79,0.38,19.5,11,168,0,0.0,36,88.6,0,0,0,0,0,0.278,0.0,0.0,0.0,0.0,0.0,0.54,3,0,1,0,0,0
163,7,4103,37,0.079,8.8,0,37,0,0.0,33,80.43,0,0,0,1,0,0.162,0.0,0.0,0.0,2.44,0.0,0.55,2,2,0,0,0,0
164,7,4017,22,0.145,26.5,6,118,4,9.96,25,62.24,0,0,0,0,0,0.455,0.0,0.0,0.0,0.0,0.0,0.54,2,0,0,1,0,0
165,8,4348,86,0.349,17.6,12,80,0,0.0,23,52.9,0,0,0,1,0,0.488,0.0,0.0,0.0,2.3,0.0,0.52,1,0,0,0,0,0
166,8,4757,58,0.127,10.4,3,56,0,0.0,35,73.58,0,0,0,1,0,0.086,0.0,0.0,0.0,2.1,0.0,0.63,4,0,0,0,0,0
167,8,4938,73,0.457,30.9,16,191,0,0.0,34,68.85,0,0,0,0,0,0.315,0.0,0.0,0.0,0.0,0.0,0.35,0,0,0,0,0,0
168,8,4338,51,0.23,19.6,7,98,0,0.0,28,64.55,2,0,0,1,0,0.471,4.61,0.0,0.0,2.31,0.0,0.35,0,0,0,0,0,0
169,8,4679,63,0.135,10.0,1,48,3,6.41,29,61.98,1,0,0,1,0,0.016,2.14,0.0,0.0,2.14,0.0,0.53,1,0,0,0,0,0
170,8,4296,19,0.036,8.2,1,45,0,0.0,33,76.82,0,0,0,0,0,0.105,0.0,0.0,0.0,0.0,0.0,0.67,3,1,0,0,0,0
171,8,4061,28,0.078,11.3,1,44,0,0.0,27,66.49,0,0,0,0,0,0.214,0.0,0.0,0.0,0.0,0.0,0.45,1,0,0,0,0,0
172,8,4058,74,0.22,12.0,2,87,0,0.0,23,56.68,0,0,0,0,0,0.203,0.0,0.0,0.0,0.0,0.0,0.4,0,1,0,1,0,0
173,8,4118,34,0.079,9.6,1,43,0,0.0,26,63.14,0,0,0,0,0,0.206,0.0,0.0,0.0,0.0,0.0,0.41,0,0,1,0,0,0
174,8,4067,79,0.23,11.8,4,80,0,0.0,30,73.76,0,0,0,1,0,0.101,0.0,0.0,0.0,2.46,0.0,0.72,5,2,1,0,0,0
175,8,4006,19,0.064,13.4,1,47,0,0.0,30,74.89,1,0,0,0,0,0.053,2.5,0.0,0.0,0.0,0.0,0.54,3,1,1,0,0,0
176,8,4136,76,0.179,9.7,1,45,1,2.42,25,60.44,0,0,0,1,0,0.263,0.0,0.0,0.0,2.42,0.0,0.58,7,1,0,0,0,0
177,8,4602,17,0.021,5.6,0,12,5,10.86,40,86.92,1,0,0,0,0,0.0,2.17,0.0,0.0,0.0,0.0,0.42,1,2,1,0,0,0
178,8,4354,89,0.303,14.8,8,80,0,0.0,37,84.98,0,1,0,0,0,0.169,0.0,2.3,0.0,0.0,0.0,0.43,1,4,0,0,0,0
179,8,4005,22,0.082,15.0,3,75,0,0.0,31,77.4,0,0,0,0,0,0.318,0.0,0.0,0.0,0.0,0.0,0.61,6,0,0,0,0,0
180,8,4007,29,0.062,8.6,0,35,4,9.98,32,79.86,0,0,0,1,0,0.172,0.0,0.0,0.0,2.5,0.0,0.43,1,1,0,0,0,0
181,8,4021,53,0.143,10.8,2,48,0,0.0,23,57.2,1,0,0,2,0,0.17,2.49,0.0,0.0,4.97,0.0,0.52,2,2,1,0,0,0
182,8,4525,36,0.114,14.3,4,59,0,0.0,28,61.88,0,0,0,1,0,0.194,0.0,0.0,0.0,2.21,0.0,0.88,10,0,0,1,0,0
183,8,4265,48,0.131,11.6,4,59,4,9.38,21,49.24,0,0,0,0,0,0.125,0.0,0.0,0.0,0.0,0.0,0.53,4,0,0,0,0,0
184,8,4121,72,0.199,11.4,3,53,1,2.43,14,33.97,0,0,0,1,0,0.264,0.0,0.0,0.0,2.43,0.0,0.35,0,4,0,0,0,0
185,8,4254,42,0.126,12.8,2,64,0,0.0,21,49.37,0,0,0,1,0,0.286,0.0,0.0,0.0,2.35,0.0,0.51,1,0,0,0,0,0
186,8,4872,98,0.313,15.6,11,89,0,0.0,21,43.1,0,0,0,1,0,0.449,0.0,0.0,0.0,2.05,0.0,0.33,0,1,0,0,0,0
187,8,4020,89,0.269,12.2,6,76,0,0.0,16,39.8,0,0,0,1,0,0.101,0.0,0.0,0.0,2.49,0.0,0.38,0,8,0,0,0,0
188,8,4603,119,0.362,14.0,14,85,0,0.0,24,52.14,0,0,0,1,0,0.143,0.0,0.0,0.0,2.17,0.0,0.46,1,0,0,0,0,0
189,9,4097,38,0.128,13.8,3,64,1,2.44,33,80.55,0,0,0,1,0,0.316,0.0,0.0,0.0,2.44,0.0,0.45,2,0,0,1,0,0
190,9,4006,55,0.294,21.4,11,137,0,0.0,35,87.37,0,0,0,2,0,0.2,0.0,0.0,0.0,4.99,0.0,0.32,0,0,0,0,0,0
191,9,4205,75,0.405,22.7,14,150,2,4.76,24,57.07,0,0,0,0,0,0.253,0.0,0.0,0.0,0.0,0.0,0.31,0,0,0,0,0,0
192,9,4045,53,0.357,27.2,12,170,0,0.0,34,84.05,0,0,0,0,0,0.264,0.0,0.0,0.0,0.0,0.0,0.35,0,1,0,0,0,0
193,9,4033,35,0.121,14.0,2,63,0,0.0,36,89.26,1,0,0,2,0,0.371,2.48,0.0,0.0,4.96,0.0,0.46,1,2,1,0,0,0
194,9,4012,31,0.078,10.0,2,42,0,0.0,36,89.73,0,0,0,0,0,0.129,0.0,0.0,0.0,0.0,0.0,0.35,0,0,0,0,0,0
195,9,4044,31,0.117,15.3,3,69,0,0.0,28,69.24,0,0,0,1,0,0.032,0.0,0.0,0.0,2.47,0.0,0.48,1,0,0,0,0,0
196,9,4010,16,0.064,16.0,1,43,0,0.0,37,92.27,0,1,0,1,0,0.062,0.0,2.49,0.0,2.49,0.0,0.34,0,0,0,0,0,0
197,9,4086,63,0.283,18.4,10,138,0,0.0,32,78.32,0,0,0,1,0,0.143,0.0,0.0,0.0,2.45,0.0,0.58,1,0,0,0,0,0
198,9,4031,31,0.074,9.6,1,42,0,0.0,36,89.31,0,0,0,0,0,0.129,0.0,0.0,0.0,0.0,0.0,0.37,0,1,0,0,0,0
199,9,4016,28,0.064,9.2,0,30,0,0.0,38,94.62,0,0,0,1,0,0.214,0.0,0.0,0.0,2.49,0.0,0.48,1,0,0,0,0,0
200,9,4335,29,0.073,10.9,1,41,0,0.0,31,71.51,0,0,0,1,0,0.448,0.0,0.0,0.0,2.31,0.0,0.33,0,0,1,0,0,0
201,9,4128,65,0.209,13.3,2,74,0,0.0,28,67.83,0,0,0,0,0,0.062,0.0,0.0,0.0,0.0,0.0,0.33,0,0,1,0,0,0
202,9,4099,54,0.176,13.4,3,62,0,0.0,24,58.55,0,0,0,0,0,0.148,0.0,0.0,0.0,0.0,0.0,0.4,0,0,0,0,0,0
203,9,4161,78,0.353,18.8,12,120,0,0.0,36,86.52,0,0,0,1,0,0.205,0.0,0.0,0.0,2.4,0.0,0.59,1,3,0,1,0,0
204,9,4001,105,0.544,20.7,19,104,0,0.0,34,84.98,0,0,0,1,0,0.305,0.0,0.0,0.0,2.5,0.0,0.72,2,1,0,1,0,0
205,9,4243,96,0.448,19.8,18,102,0,0.0,30,70.7,0,0,0,1,0,0.479,0.0,0.0,0.0,2.36,0.0,0.49,1,2,0,2,0,0
206,9,4027,64,0.204,12.9,2,65,0,0.0,43,106.78,0,0,0,0,0,0.219,0.0,0.0,0.0,0.0,0.0,0.63,1,1,0,0,0,0
207,9,4534,141,0.43,13.8,15,93,0,0.0,28,61.76,0,0,0,0,0,0.099,0.0,0.0,0.0,0.0,0.0,0.51,2,4,0,1,0,0
208,9,4035,122,0.471,15.6,16,85,0,0.0,36,89.22,0,0,0,1,0,0.18,0.0,0.0,0.0,2.48,0.0,0.52,1,1,0,0,0,0
209,9,4044,52,0.137,10.7,1,54,0,0.0,40,98.91,0,0,0,3,0,0.231,0.0,0.0,0.0,7.42,0.0,0.42,1,0,0,1,0,0
210,9,4012,106,0.47,17.8,19,80,0,0.0,30,74.78,0,0,0,0,0,0.16,0.0,0.0,0.0,0.0,0.0,0.56,5,3,0,1,0,0
211,9,4660,68,0.28,19.2,11,93,3,6.44,48,103.0,0,0,0,0,0,0.162,0.0,0.0,0.0,0.0,0.0,0.74,6,2,0,0,0,0
212,9,4361,78,0.259,14.5,7,106,1,2.29,36,82.55,0,0,0,1,0,0.103,0.0,0.0,0.0,2.29,0.0,0.44,1,0,0,0,0,0
213,10,4321,61,0.151,10.7,1,48,0,0.0,17,39.34,0,0,0,0,0,0.098,0.0,0.0,0.0,0.0,0.0,0.37,0,0,0,0,0,0
214,10,4199,44,0.112,10.7,1,54,0,0.0,18,42.87,0,0,0,0,0,0.273,0.0,0.0,0.0,0.0,0.0,0.43,1,0,0,0,0,0
215,10,4237,61,0.166,11.5,5,70,0,0.0,26,61.36,0,0,0,1,0,0.246,0.0,0.0,0.0,2.36,0.0,0.42,1,0,0,0,0,0
216,10,4221,61,0.158,11.0,3,70,0,0.0,14,33.17,0,0,0,2,0,0.361,0.0,0.0,0.0,4.74,0.0,0.4,0,0,1,1,0,0
217,10,4184,37,0.12,13.5,3,105,0,0.0,27,64.53,0,0,0,0,0,0.054,0.0,0.0,0.0,0.0,0.0,0.7,5,1,0,0,0,0
218,10,4161,30,0.106,14.7,4,75,0,0.0,23,55.28,1,0,0,0,0,0.067,2.4,0.0,0.0,0.0,0.0,0.43,1,0,1,0,0,0
219,10,4365,112,0.262,10.2,3,86,0,0.0,1,2.29,0,0,0,0,0,0.179,0.0,0.0,0.0,0.0,0.0,0.23,0,0,0,0,0,0
220,10,4067,97,0.223,9.4,2,57,0,0.0,2,4.92,0,0,0,0,0,0.206,0.0,0.0,0.0,0.0,0.0,0.37,0,0,0,1,0,0
221,10,4014,124,0.302,9.8,3,66,0,0.0,1,2.49,0,0,0,0,0,0.169,0.0,0.0,0.0,0.0,0.0,0.32,0,1,0,3,0,0
222,10,4021,96,0.244,10.2,2,75,0,0.0,3,7.46,0,0,0,3,0,0.208,0.0,0.0,0.0,7.46,0.0,0.29,0,0,0,0,0,0
223,10,4028,88,0.259,11.8,4,70,0,0.0,3,7.45,0,0,0,0,0,0.136,0.0,0.0,0.0,0.0,0.0,0.37,0,0,0,0,0,0
224,10,4025,128,0.239,7.5,1,71,0,0.0,0,0.0,0,0,0,0,0,0.141,0.0,0.0,0.0,0.0,0.0,0.3,0,0,1,0,0,0
225,10,4275,126,0.262,8.9,2,68,0,0.0,2,4.68,0,0,0,1,2,0.222,0.0,0.0,0.0,2.34,4.68,0.35,0,0,1,2,0,0
226,10,4002,105,0.195,7.4,0,36,5,12.49,0,0.0,0,0,0,1,2,0.21,0.0,0.0,0.0,2.5,5.0,0.35,0,0,1,0,0,0
227,10,4016,104,0.261,10.1,2,72,0,0.0,0,0.0,0,0,0,1,1,0.183,0.0,0.0,0.0,2.49,2.49,0.31,0,0,1,3,0,0
228,10,4027,129,0.4,12.5,6,71,0,0.0,0,0.0,0,0,0,2,1,0.24,0.0,0.0,0.0,4.97,2.48,0.45,1,0,0,0,0,0
229,10,4041,80,0.193,9.7,2,51,0,0.0,2,4.95,0,0,0,3,0,0.263,0.0,0.0,0.0,7.42,0.0,0.32,0,1,0,1,0,0
230,10,4009,100,0.181,7.3,0,28,2,4.99,1,2.49,0,0,0,5,2,0.16,0.0,0.0,0.0,12.47,4.99,0.45,1,0,0,3,0,0
231,10,4051,125,0.306,9.9,0,40,0,0.0,2,4.94,0,0,0,4,0,0.216,0.0,0.0,0.0,9.87,0.0,0.7,3,1,0,0,0,0
232,10,4026,101,0.231,9.2,0,31,0,0.0,2,4.97,0,0,0,2,0,0.198,0.0,0.0,0.0,4.97,0.0,0.41,0,1,0,0,0,0
233,10,4024,117,0.294,10.1,1,42,0,0.0,0,0.0,0,0,0,2,0,0.145,0.0,0.0,0.0,4.97,0.0,0.32,0,0,0,0,0,0
234,10,4057,101,0.193,7.7,0,21,0,0.0,0,0.0,0,0,0,1,0,0.188,0.0,0.0,0.0,2.46,0.0,0.36,0,0,1,0,0,0
235,10,4034,83,0.193,9.4,1,49,0,0.0,1,2.48,0,0,0,5,0,0.205,0.0,0.0,0.0,12.39,0.0,0.42,1,1,0,1,0,0
236,10,4046,68,0.144,8.6,1,72,0,0.0,1,2.47,0,0,0,0,0,0.147,0.0,0.0,0.0,0.0,0.0,0.2,0,0,0,1,0,0
237,11,4054,88,0.191,8.8,0,37,1,2.47,0,0.0,0,0,0,3,0,0.159,0.0,0.0,0.0,7.4,0.0,0.36,0,0,0,0,0,0
238,11,4613,76,0.166,10.1,2,58,0,0.0,4,8.67,0,0,0,2,1,0.105,0.0,0.0,0.0,4.34,2.17,0.29,0,0,0,1,0,0
239,11,4003,92,0.187,8.2,0,34,2,5.0,0,0.0,0,0,0,0,0,0.185,0.0,0.0,0.0,0.0,0.0,0.33,0,0,0,0,0,0
240,11,4464,123,0.272,9.9,0,32,0,0.0,1,2.24,0,0,0,3,0,0.228,0.0,0.0,0.0,6.72,0.0,0.43,1,0,0,0,0,0
241,11,4125,122,0.27,9.1,0,36,0,0.0,0,0.0,0,0,0,0,0,0.041,0.0,0.0,0.0,0.0,0.0,0.31,0,1,1,2,0,0
242,11,4233,111,0.249,9.5,2,47,2,4.72,2,4.72,1,0,0,0,0,0.135,2.36,0.0,0.0,0.0,0.0,0.26,0,1,0,3,0,0
243,11,4030,115,0.254,8.9,2,61,0,0.0,0,0.0,0,0,0,2,0,0.026,0.0,0.0,0.0,4.96,0.0,0.48,1,0,0,1,0,0
244,11,4099,105,0.21,8.2,0,37,0,0.0,0,0.0,0,0,0,4,0,0.21,0.0,0.0,0.0,9.76,0.0,0.37,0,0,0,0,0,0
245,11,4036,77,0.166,8.7,0,27,0,0.0,1,2.48,0,0,0,4,0,0.013,0.0,0.0,0.0,9.91,0.0,0.32,0,0,0,0,0,0
246,11,4389,75,0.128,7.5,0,30,0,0.0,0,0.0,0,0,0,1,0,0.147,0.0,0.0,0.0,2.28,0.0,0.33,0,0,1,0,0,0
247,11,4187,113,0.222,8.2,0,39,0,0.0,0,0.0,0,0,0,2,0,0.142,0.0,0.0,0.0,4.78,0.0,0.35,0,0,0,0,0,0
248,11,4045,114,0.238,8.5,1,57,2,4.94,1,2.47,0,0,0,1,0,0.105,0.0,0.0,0.0,2.47,0.0,0.36,0,0,0,0,0,0
249,11,4892,96,0.191,9.7,1,47,0,0.0,3,6.13,0,0,0,4,0,0.302,0.0,0.0,0.0,8.18,0.0,0.4,0,0,0,1,0,0
250,11,4154,64,0.14,9.1,0,32,0,0.0,1,2.41,1,0,0,3,0,0.188,2.41,0.0,0.0,7.22,0.0,0.19,0,0,1,1,0,0
251,11,4281,87,0.197,9.7,1,56,0,0.0,1,2.34,0,0,1,2,2,0.207,0.0,0.0,2.34,4.67,4.67,0.3,0,0,0,0,0,0
252,11,4223,115,0.229,8.4,0,31,0,0.0,1,2.37,0,0,0,5,0,0.061,0.0,0.0,0.0,11.84,0.0,0.43,1,0,0,0,0,0
253,11,4293,77,0.167,9.3,0,34,0,0.0,0,0.0,0,0,1,1,0,0.039,0.0,0.0,2.33,2.33,0.0,0.35,0,0,0,1,0,0
254,11,4027,83,0.244,11.8,2,44,0,0.0,0,0.0,0,0,0,2,0,0.048,0.0,0.0,0.0,4.97,0.0,0.29,0,0,0,2,0,0
255,11,4136,48,0.121,10.4,1,66,0,0.0,2,4.84,0,0,0,3,0,0.125,0.0,0.0,0.0,7.25,0.0,0.3,0,0,0,1,0,0
256,11,4189,81,0.176,9.1,0,28,0,0.0,3,7.16,0,0,0,2,1,0.198,0.0,0.0,0.0,4.77,2.39,0.64,1,0,0,2,0,0
257,11,4244,75,0.202,11.4,3,69,0,0.0,2,4.71,0,0,0,4,0,0.147,0.0,0.0,0.0,9.43,0.0,0.45,1,0,0,0,0,0
258,11,4390,140,0.286,9.0,1,56,0,0.0,14,31.89,0,0,0,1,0,0.071,0.0,0.0,0.0,2.28,0.0,0.35,0,0,0,2,0,0
259,11,4882,61,0.105,8.4,1,50,1,2.05,2,4.1,0,0,0,2,1,0.246,0.0,0.0,0.0,4.1,2.05,0.32,0,0,0,1,0,0
260,11,4742,51,0.083,7.7,0,33,0,0.0,3,6.33,0,0,0,2,0,0.137,0.0,0.0,0.0,4.22,0.0,0.27,0,0,0,0,0,0
261,12,4932,96,0.147,7.5,0,20,2,4.06,0,0.0,0,1,0,1,0,0.125,0.0,2.03,0.0,2.03,0.0,0.3,0,0,2,3,0,0
262,12,4997,188,0.237,6.3,0,27,2,4.0,1,2.0,0,0,0,1,0,0.165,0.0,0.0,0.0,2.0,0.0,0.28,0,0,0,0,0,0
263,12,4124,140,0.273,8.1,0,34,0,0.0,1,2.42,0,0,0,0,1,0.064,0.0,0.0,0.0,0.0,2.42,0.32,0,0,0,3,0,0
264,12,4842,181,0.25,6.7,0,33,2,4.13,0,0.0,0,0,0,0,0,0.088,0.0,0.0,0.0,0.0,0.0,0.39,0,0,0,0,0,0
265,12,4336,123,0.233,8.2,1,45,0,0.0,0,0.0,0,0,0,0,0,0.057,0.0,0.0,0.0,0.0,0.0,0.31,0,0,0,0,0,0
266,12,4160,123,0.26,8.8,0,38,0,0.0,0,0.0,0,0,0,1,1,0.065,0.0,0.0,0.0,2.4,2.4,0.33,0,0,1,1,0,0
267,12,4451,130,0.284,9.7,3,62,0,0.0,0,0.0,0,0,0,4,0,0.269,0.0,0.0,0.0,8.99,0.0,0.48,2,0,0,1,0,0
268,12,4486,146,0.286,8.8,0,37,0,0.0,0,0.0,0,0,0,4,0,0.151,0.0,0.0,0.0,8.92,0.0,0.31,0,0,0,2,0,0
269,12,4393,113,0.235,9.1,2,52,0,0.0,1,2.28,0,0,0,4,0,0.062,0.0,0.0,0.0,9.11,0.0,0.26,0,0,0,3,0,0
270,12,4301,129,0.252,8.4,0,29,0,0.0,1,2.33,0,0,0,3,1,0.07,0.0,0.0,0.0,6.98,2.33,0.5,1,1,0,0,0,0
271,12,4047,103,0.231,9.1,1,46,0,0.0,0,0.0,0,0,1,2,0,0.117,0.0,0.0,2.47,4.94,0.0,0.29,0,0,0,3,0,0
272,12,4091,120,0.316,10.8,6,75,0,0.0,3,7.33,0,0,0,3,0,0.092,0.0,0.0,0.0,7.33,0.0,0.44,1,0,0,0,0,0
273,12,4020,138,0.343,10.0,0,37,0,0.0,0,0.0,0,0,0,4,0,0.159,0.0,0.0,0.0,9.95,0.0,0.15,0,0,0,0,0,0
274,12,4005,130,0.282,8.7,2,53,2,4.99,0,0.0,1,0,0,1,1,0.092,2.5,0.0,0.0,2.5,2.5,0.45,1,0,0,0,0,0
275,12,4006,97,0.243,10.0,1,41,0,0.0,2,4.99,0,0,0,0,0,0.196,0.0,0.0,0.0,0.0,0.0,0.51,1,0,0,1,0,0
276,12,4046,111,0.228,8.3,0,39,0,0.0,2,4.94,0,0,0,3,0,0.063,0.0,0.0,0.0,7.41,0.0,0.31,0,0,0,1,0,0
277,12,4027,100,0.187,7.5,0,29,0,0.0,2,4.97,0,0,0,2,0,0.1,0.0,0.0,0.0,4.97,0.0,0.33,0,0,0,0,0,0
278,12,4010,88,0.19,8.7,0,36,0,0.0,1,2.49,0,0,0,4,0,0.125,0.0,0.0,0.0,9.98,0.0,0.37,0,0,1,0,0,0
279,12,4369,132,0.277,9.2,1,64,0,0.0,2,4.58,1,0,0,3,1,0.121,2.29,0.0,0.0,6.87,2.29,0.33,0,0,0,0,0,0
280,12,4014,109,0.226,8.3,0,33,0,0.0,2,4.98,0,0,0,5,0,0.055,0.0,0.0,0.0,12.46,0.0,0.3,0,0,0,0,0,0
281,12,4083,88,0.157,7.3,0,22,0,0.0,4,9.8,0,0,0,1,0,0.136,0.0,0.0,0.0,2.45,0.0,0.35,0,0,0,0,0,0
282,12,4011,131,0.25,7.7,0,29,0,0.0,1,2.49,0,0,0,2,0,0.176,0.0,0.0,0.0,4.99,0.0,0.24,0,0,0,1,0,0
283,12,4313,89,0.148,7.2,0,25,0,0.0,3,6.96,0,0,0,0,0,0.056,0.0,0.0,0.0,0.0,0.0,0.33,0,1,0,3,0,0
284,12,4448,85,0.156,8.2,1,41,0,0.0,3,6.74,0,0,0,0,0,0.118,0.0,0.0,0.0,0.0,0.0,0.39,0,0,0,0,0,0
285,13,4301,46,0.16,14.9,2,46,0,0.0,3,6.98,0,0,0,1,1,0.261,0.0,0.0,0.0,2.33,2.33,0.3,0,0,0,0,0,0
286,13,4139,62,0.21,14.0,2,125,0,0.0,6,14.5,0,0,0,0,0,0.306,0.0,0.0,0.0,0.0,0.0,0.44,1,0,0,1,0,0
287,13,4434,56,0.215,17.0,6,120,0,0.0,9,20.3,0,0,0,1,0,0.232,0.0,0.0,0.0,2.26,0.0,0.28,0,0,0,1,0,0
288,13,4181,40,0.188,19.6,6,91,0,0.0,7,16.74,0,0,0,0,0,0.4,0.0,0.0,0.0,0.0,0.0,0.27,0,0,0,1,0,0
289,13,4195,36,0.166,19.3,5,88,0,0.0,9,21.45,0,0,0,0,0,0.389,0.0,0.0,0.0,0.0,0.0,0.45,1,0,0,0,0,0
290,13,4065,56,0.215,15.6,6,62,0,0.0,6,14.76,0,0,0,1,0,0.393,0.0,0.0,0.0,2.46,0.0,0.27,0,0,0,1,0,0
291,13,4032,57,0.203,14.3,3,50,0,0.0,12,29.76,1,0,0,1,0,0.175,2.48,0.0,0.0,2.48,0.0,0.26,0,1,0,2,0,0
292,13,4036,64,0.286,18.1,7,126,0,0.0,17,42.12,0,0,0,0,0,0.203,0.0,0.0,0.0,0.0,0.0,0.31,0,0,0,1,0,0
293,13,4091,65,0.289,18.2,8,90,0,0.0,26,63.55,0,0,0,1,0,0.385,0.0,0.0,0.0,2.44,0.0,0.26,0,0,0,1,0,0
294,13,4119,68,0.19,11.5,5,65,0,0.0,31,75.26,0,0,0,1,0,0.206,0.0,0.0,0.0,2.43,0.0,0.26,0,0,0,2,0,0
295,13,4102,59,0.229,15.9,5,76,0,0.0,34,82.89,0,0,0,1,0,0.153,0.0,0.0,0.0,2.44,0.0,0.3,0,0,0,2,0,0
296,13,4198,34,0.09,11.1,0,40,0,0.0,17,40.5,0,0,0,1,1,0.265,0.0,0.0,0.0,2.38,2.38,0.26,0,0,2,0,0,0
297,13,4122,32,0.121,15.6,4,82,0,0.0,19,46.09,0,0,0,1,0,0.188,0.0,0.0,0.0,2.43,0.0,0.27,0,0,0,1,0,0
298,13,4116,17,0.047,11.4,1,45,0,0.0,19,46.16,0,0,0,0,0,0.0,0.0,0.0,0.0,0.0,0.0,0.27,0,0,0,0,0,0
299,13,4504,29,0.098,15.2,2,80,0,0.0,32,71.05,0,0,0,0,0,0.31,0.0,0.0,0.0,0.0,0.0,0.29,0,0,0,1,0,0
300,13,4011,17,0.061,14.5,1,71,0,0.0,23,57.34,0,0,0,2,0,0.294,0.0,0.0,0.0,4.99,0.0,0.24,0,0,0,0,0,0
301,13,4073,13,0.025,7.8,0,23,0,0.0,22,54.01,0,0,0,2,0,0.231,0.0,0.0,0.0,4.91,0.0,0.25,0,0,0,1,0,0
302,13,4045,5,0.002,2.0,0,3,0,0.0,22,54.39,0,0,0,0,1,0.2,0.0,0.0,0.0,0.0,2.47,0.3,0,0,0,0,0,0
303,13,4036,17,0.081,19.2,2,137,0,0.0,28,69.38,0,0,0,0,0,0.588,0.0,0.0,0.0,0.0,0.0,0.31,0,0,0,0,0,0
304,13,4003,6,0.004,2.8,0,5,0,0.0,23,57.46,0,0,0,1,0,0.0,0.0,0.0,0.0,2.5,0.0,0.28,0,0,0,0,0,0
305,13,4270,0,0.0,0.0,0,0,0,0.0,27,63.23,0,0,0,0,0,0.0,0.0,0.0,0.0,0.0,0.0,0.27,0,0,1,0,0,0
306,13,4072,33,0.078,9.6,0,32,0,0.0,0,0.0,0,0,0,4,0,0.091,0.0,0.0,0.0,9.82,0.0,0.37,0,0,0,0,0,0
307,13,4139,57,0.107,7.8,0,26,0,0.0,0,0.0,0,0,0,3,0,0.0,0.0,0.0,0.0,7.25,0.0,0.24,0,1,0,0,0,0
308,13,4042,102,0.232,9.2,1,43,0,0.0,0,0.0,0,0,0,4,1,0.088,0.0,0.0,0.0,9.9,2.47,0.22,0,3,1,1,0,0
309,14,4179,80,0.146,7.6,0,20,0,0.0,1,2.39,0,0,0,1,0,0.087,0.0,0.0,0.0,2.39,0.0,0.23,0,0,0,0,0,0
310,14,4093,133,0.27,8.3,0,36,0,0.0,0,0.0,1,0,0,2,0,0.113,2.44,0.0,0.0,4.89,0.0,0.24,0,0,0,2,0,0
311,14,4060,109,0.206,7.7,1,42,0,0.0,0,0.0,0,0,0,3,0,0.073,0.0,0.0,0.0,7.39,0.0,0.33,0,0,0,2,0,0
312,14,4000,114,0.231,8.1,0,38,0,0.0,0,0.0,0,0,0,2,0,0.114,0.0,0.0,0.0,5.0,0.0,0.37,0,0,1,0,0,0
313,14,4085,142,0.296,8.5,0,40,0,0.0,0,0.0,0,0,1,2,0,0.085,0.0,0.0,2.45,4.9,0.0,0.45,1,0,0,0,0,0
314,14,4907,95,0.182,9.4,2,50,0,0.0,2,4.08,0,0,0,4,0,0.137,0.0,0.0,0.0,8.15,0.0,0.29,0,0,0,3,0,0
315,14,4399,71,0.112,7.0,1,43,0,0.0,0,0.0,0,0,0,0,2,0.028,0.0,0.0,0.0,0.0,4.55,0.21,0,0,0,0,0,0
316,14,4042,74,0.149,8.1,1,42,0,0.0,0,0.0,0,0,0,1,0,0.108,0.0,0.0,0.0,2.47,0.0,0.4,0,0,0,0,0,0
317,14,4417,87,0.168,8.5,0,25,0,0.0,0,0.0,0,0,0,1,3,0.08,0.0,0.0,0.0,2.26,6.79,0.29,0,0,1,0,0,0
318,14,4232,76,0.133,7.4,0,21,1,2.36,1,2.36,0,0,0,2,0,0.105,0.0,0.0,0.0,4.73,0.0,0.24,0,0,0,1,0,0
319,14,4471,89,0.184,9.3,0,40,0,0.0,1,2.24,0,0,0,2,0,0.101,0.0,0.0,0.0,4.47,0.0,0.33,0,0,0,1,0,0
320,14,4165,102,0.212,8.7,3,54,0,0.0,0,0.0,0,0,0,1,0,0.118,0.0,0.0,0.0,2.4,0.0,0.28,0,0,0,0,0,0
321,14,4193,34,0.059,7.3,0,20,0,0.0,8,19.08,0,0,0,0,0,0.059,0.0,0.0,0.0,0.0,0.0,0.21,0,0,0,0,0,0
322,14,4305,59,0.094,6.9,0,30,0,0.0,5,11.61,0,0,0,0,0,0.102,0.0,0.0,0.0,0.0,0.0,0.25,0,0,1,0,0,0
323,14,4188,60,0.105,7.3,0,23,0,0.0,4,9.55,0,0,0,0,0,0.0,0.0,0.0,0.0,0.0,0.0,0.38,0,0,0,0,1,0
324,14,4134,86,0.17,8.2,0,39,0,0.0,0,0.0,0,0,0,1,0,0.035,0.0,0.0,0.0,2.42,0.0,0.38,0,0,0,0,0,0
325,14,4050,63,0.16,10.3,0,29,0,0.0,0,0.0,1,0,0,0,0,0.143,2.47,0.0,0.0,0.0,0.0,0.28,0,0,0,1,0,0
326,14,4341,92,0.198,9.3,1,44,0,0.0,2,4.61,0,0,0,1,1,0.25,0.0,0.0,0.0,2.3,2.3,0.46,1,0,0,0,0,0
327,14,4042,85,0.19,9.0,0,25,0,0.0,0,0.0,0,0,0,2,0,0.012,0.0,0.0,0.0,4.95,0.0,0.32,0,0,0,0,0,0
328,14,4044,61,0.123,8.1,0,27,0,0.0,0,0.0,0,0,0,0,0,0.066,0.0,0.0,0.0,0.0,0.0,0.22,0,0,0,0,0,0
329,14,4036,75,0.136,7.3,0,22,0,0.0,0,0.0,0,0,0,1,0,0.107,0.0,0.0,0.0,2.48,0.0,0.28,0,0,0,0,0,0
330,14,4136,69,0.164,9.9,1,48,0,0.0,1,2.42,0,0,0,3,0,0.29,0.0,0.0,0.0,7.25,0.0,0.3,0,0,2,1,0,0
331,14,4060,60,0.129,8.8,0,27,0,0.0,1,2.46,0,0,0,1,0,0.05,0.0,0.0,0.0,2.46,0.0,0.26,0,0,0,2,0,0
332,14,4387,47,0.087,8.1,0,24,0,0.0,0,0.0,0,0,0,3,1,0.106,0.0,0.0,0.0,6.84,2.28,0.24,0,0,0,0,0,0
